post_url,location,loc_url
https://www.instagram.com/p/CV-ODgUvvNh,壹.01,https://www.instagram.com/explore/locations/108498754790331/
https://www.instagram.com/p/CHDGYcYhDBi,Lok Wah South Estate,https://www.instagram.com/explore/locations/303526563885357/
https://www.instagram.com/p/CLwBqleD1_n,HoiHoi Pancake House HK,https://www.instagram.com/explore/locations/114311749957813/
https://www.instagram.com/p/CAz2cqQDTEp,Choi Hung Estate,https://www.instagram.com/explore/locations/357651654703515/
https://www.instagram.com/p/CAz2cqQDTEp,Choi Hung Estate,https://www.instagram.com/explore/locations/357651654703515/
https://www.instagram.com/p/B_MTx1fjwZB,Nan Lian Garden Diamond Hill,https://www.instagram.com/explore/locations/223145092/
https://www.instagram.com/p/CD_MehyF5Aa,Nan Lian Garden Diamond Hill,https://www.instagram.com/explore/locations/223145092/
https://www.instagram.com/p/CT810NGhTBa,,
https://www.instagram.com/p/CPFILdlNE_N,Festival Walk 又一城,https://www.instagram.com/explore/locations/295142437614176/
https://www.instagram.com/p/CL3PijhjpO_,K11 Musea,https://www.instagram.com/explore/locations/530243747177494/
https://www.instagram.com/p/BuJWHUTFEVE,石硖尾,https://www.instagram.com/explore/locations/574341840/
https://www.instagram.com/p/CTTFcVUI4l-,,
https://www.instagram.com/p/CV-gg5ov_H_,Mong Kok,https://www.instagram.com/explore/locations/739699659/
https://www.instagram.com/p/CQ022GRBPwr,油麻地果欄,https://www.instagram.com/explore/locations/241175141/
https://www.instagram.com/p/B_H-gVkDPQL,Areulabeler,https://www.instagram.com/explore/locations/242282523023920/
https://www.instagram.com/p/CO8pnj9gNZ3,愛民邨,https://www.instagram.com/explore/locations/501732708/
https://www.instagram.com/p/B1Z11m2gwYH,Oi Man Estate (愛民邨),https://www.instagram.com/explore/locations/8199519/
https://www.instagram.com/p/CQARxWqr9k0,黃埔 Whampoa，https://www.instagram.com/explore/locations/142756646335348/
https://www.instagram.com/p/B_rp9GRj3JJ,Svencele Klaipėdos Apskritis Lithuania,https://www.instagram.com/explore/locations/264727780/
https://www.instagram.com/p/COAbs9JjMGn,啟得郵輪碼頭,https://www.instagram.com/explore/locations/322827334/