tag_name,num_post,max_likes,top_post_url
kwuntong,204508,712,https://www.instagram.com/p/CV-ODgUvvNh
ngautaukok,6150,308,https://www.instagram.com/p/CHDGYcYhDBi
kowloonbay,43807,955,https://www.instagram.com/p/CLwBqleD1_n
choihung,22471,723,https://www.instagram.com/p/CAz2cqQDTEp
choihungestate,21605,723,https://www.instagram.com/p/CAz2cqQDTEp
nanliangarden,29124,791,https://www.instagram.com/p/B_MTx1fjwZB
diamondhillhongkong,334,478,https://www.instagram.com/p/CD_MehyF5Aa
九龍,292232,18698,https://www.instagram.com/p/CT810NGhTBa
九龍塘,40390,416,https://www.instagram.com/p/CPFILdlNE_N
kowloontong,19911,436,https://www.instagram.com/p/CL3PijhjpO_
shekkipmei,15197,6223,https://www.instagram.com/p/BuJWHUTFEVE
princeedwardstation,960,634,https://www.instagram.com/p/CTTFcVUI4l-
mongkok,569394,742,https://www.instagram.com/p/CV-gg5ov_H_
yaumatei,50690,435,https://www.instagram.com/p/CQ022GRBPwr
homantin,8214,1024,https://www.instagram.com/p/B_H-gVkDPQL
oimanestate,1110,425,https://www.instagram.com/p/CO8pnj9gNZ3
愛民邨,1993,255,https://www.instagram.com/p/B1Z11m2gwYH
whampoa,26166,727,https://www.instagram.com/p/CQARxWqr9k0
kaitai,1976,839,https://www.instagram.com/p/B_rp9GRj3JJ
啟德郵輪碼頭,5333,276,https://www.instagram.com/p/COAbs9JjMGn
